label,text,Headline
0,"""Pria Bojonegoro meninggal karena mendengar musik dari HP nya sambil tidur & korslet.""","""Pria Bojonegoro meninggal karena mendengar musik dari HP nya sambil tidur & korslet."""
0,"""*AWAS*! Snack ini adalah berbahaya. Dibuat di Israel dan diekspor ke Negara Asia....di dalam snack ini mengandung tablet yang bisa membuat seseorang lumpuh!!! *OLEH ITU JANGAN BELI, JANGAN MAKAN.* Tolong sebarkan""","""*AWAS*!"
0,"David Beckham Pakai Kaos Bertuliskan âFree West Papuaâ Saat Berkunjung ke Wamena, Papua","David Beckham Pakai Kaos Bertuliskan âFree West Papuaâ Saat Berkunjung ke Wamena, Papua"
0,"Jokowi Bantu Laos Bangun Infrastruktur, Ketika Jembatan-Jembatan di Indonesia Masih Meprihatinkan","Jokowi Bantu Laos Bangun Infrastruktur, Ketika Jembatan-Jembatan di Indonesia Masih Meprihatinkan"
0,"""Sebelum situs-situs penyebar konten sampah ngepost yang beginian, nih ada bahan buat kalian

Ahok mana Ahok?? Jakarta jual Beer dengan tulisan Arab??""","""Sebelum situs-situs penyebar konten sampah ngepost yang beginian, nih ada bahan buat kalian

"
0,"""PAS KAMPANYE ada warning dugaan PKI bangkit di Era Jokowi. Kubu sebelah pun menyebut itu fitnah, hoax, ghibah, black campaign, dan sebagainya.
Kini, warning tersebut mulai menjadi fakta. Apakah Anda masih menyebut ini hoax, fitnah, gagal move on, masih sakit hati???""","""PAS KAMPANYE ada warning dugaan PKI bangkit di Era Jokowi."
0,"""Ratna Sarumpaet : Kalau Ahok Maju Via Jalur Independen, Saya Rela Menari Bugil di Monas""","""Ratna Sarumpaet : Kalau Ahok Maju Via Jalur Independen, Saya Rela Menari Bugil di Monas"""
0,"""DPR Curiga 5 Buruh China Yang Ditangkap TNI AU Masuk Wilayah Halim Sebenarnya Intelijen""","""DPR Curiga 5 Buruh China Yang Ditangkap TNI AU Masuk Wilayah Halim Sebenarnya Intelijen"""
0,"""Tentara Myanmar Paksa Orang Etnis Rohingya Untuk Makan Saat Sedang Berpuasa di Bulan Ramadan""","""Tentara Myanmar Paksa Orang Etnis Rohingya Untuk Makan Saat Sedang Berpuasa di Bulan Ramadan"""
0,"""Jokowi Minta Maaf Kepada PKI""","""Jokowi Minta Maaf Kepada PKI"""
0,"""Masing-masing portal sumber tersebut memuat pemberitaan mengenai rencana Presiden Joko Widodo akan memberikan permohonan maaf secara resmi kepada PKI.""","""Masing-masing portal sumber tersebut memuat pemberitaan mengenai rencana Presiden Joko Widodo akan memberikan permohonan maaf secara resmi kepada PKI."""
0,"""PDIP MENERIMA KUNJUNGAN PKI CHINA.UNTUK JALUN KERJA SAMA ANTAR KADER""","""PDIP MENERIMA KUNJUNGAN PKI CHINA.UNTUK JALUN KERJA SAMA ANTAR KADER"""
0,"""Yuk kita simak pernyataan USTADZ ALFIAN TANJUNG tentang tokoh tokoh PKI
Didalamnya ada Ratna sarumpaet loh
Kok bisa ya selama ini PS kecolongan""",""" Yuk kita simak pernyataan USTADZ ALFIAN TANJUNG tentang tokoh tokoh PKI didalam nya ada Ratna sarumpaet loh Kok bisa ya selama ini PS kecolongan """
0,"""Pembalut Yahudi Yang Ditanami Virus HIV""","""Pembalut Yahudi Yang Ditanami Virus HIV"""
0,"""Pembalut buatan Israel/Yahudi sudah ditanam virus HIV, sehingga membahayakan wanita pemakainya. Konon yang ditarget adalah wanita muslim.""","""Pembalut buatan Israel/Yahudi sudah ditanam virus HIV, sehingga membahayakan wanita pemakainya."
0,"""Tokoh ISIS Syaikh Al Arifi Datang ke Masjid Istiqlal""","""Tokoh ISIS Syaikh Al Arifi Datang ke Masjid Istiqlal"""
0,"""rencana tablig akbar 17 januari 2016 di masjid istiqlal, dengan mengundang tokoh ISIS, harus ditolak . NKRI jangan dijadikan sarang pengungsi ISIS, yang lari dari suriah dan irak.""","""rencana tablig akbar 17 januari 2016 di masjid istiqlal, dengan mengundang tokoh ISIS, harus ditolak . NKRI jangan dijadikan sarang pengungsi ISIS, yang lari dari suriah dan irak."""
0,"""APA yang ada dalam pikiran Anda ketika melihat foto di atasâseorang pemuda yang berada di tiang gantungan, ia melambaikan tangan dan tersenyum?

Foto ini menceritakan kondisi seorang pemuda Sunni bernama Husain Khudri yang akan menghadapi eksekusi mati di Iran. Ia digantung oleh para Syiah di negeri itu.

Akan tetapi tidak tampak rasa takut sedikitpun di wajahnya. Ia tersenyum penuh suka cita seakan-akan akan melakukan resepsi pernikahan, padahal yang dihadapi adalah eksekusi hukum gantung.

Sebelum dieksekusi, ia menyapa keluarganya dengan cara melambaikan tangannya sambil tersenyum riang.

Husain merupakan aktivis pro-sunni dan aktif menyebarkan dakwah sunni. Ia berasal dari suku Kurdi di Iran dan anggota Partai Kebebasan Kurdistan.

Oleh tentara Iran ia dituduh sebagai pembunuh dan dieksekusi oleh pemerintah Iran atas tuduhan tersebut. Eksekusi ini dilaksanakan pada tanggal 12 Januari 2012âatau kira-kira satu tahun yang silam.""","""APA yang ada dalam pikiran Anda ketika melihat foto di atasâseorang pemuda yang berada di tiang gantungan, ia melambaikan tangan dan tersenyum?

"
0,"""APA yang ada dalam pikiran Anda ketika melihat foto di atasâseorang pemuda yang berada di tiang gantungan, ia melambaikan tangan dan tersenyum?

Foto ini menceritakan kondisi seorang pemuda Sunni bernama Husain Khudri yang akan menghadapi eksekusi mati di Iran. Ia digantung oleh para Syiah di negeri itu.

Akan tetapi tidak tampak rasa takut sedikitpun di wajahnya. Ia tersenyum penuh suka cita seakan-akan akan melakukan resepsi pernikahan, padahal yang dihadapi adalah eksekusi hukum gantung.

Sebelum dieksekusi, ia menyapa keluarganya dengan cara melambaikan tangannya sambil tersenyum riang.

Husain merupakan aktivis pro-sunni dan aktif menyebarkan dakwah sunni. Ia berasal dari suku Kurdi di Iran dan anggota Partai Kebebasan Kurdistan.

Oleh tentara Iran ia dituduh sebagai pembunuh dan dieksekusi oleh pemerintah Iran atas tuduhan tersebut. Eksekusi ini dilaksanakan pada tanggal 12 Januari 2012âatau kira-kira satu tahun yang silam.""","""APA yang ada dalam pikiran Anda ketika melihat foto di atasâseorang pemuda yang berada di tiang gantungan, ia melambaikan tangan dan tersenyum?

"
0,"""Lab RS Angkatan Laut membuat Daftar Minuman Berbahaya""","""Lab RS Angkatan Laut membuat Daftar Minuman Berbahaya"""
0,"""Jakarta, HanTer â Rencana pemerintah yang ingin menghapus tunjangan profesi guru (TPG) ditentang organisasi guru. Sebab ketika kampanye, presiden sudah berjanji tidak akan menghapus tunjangan tersebut.

Ketua Umum Pengurus Besar Persatuan Guru Republik Indonesia (PGRI) Sulistiyo mengatakan, menjelang Pemilu Presiden 2014, Joko Widodo berkunjung ke Kantor PB PGRI. Ketika itu Jokowi berjanji bahwa TPG tidak akan dihapus, bahkan akan ditambah.

Tidak hanya itu, Jokowi juga meminta agar PGRI meluruskan wacana yang beredar menjelang Pilpres 2014 lalu melalui pesan singkat, bahwa jika Jokowi terpilih menjadi presiden, maka TPG akan dihapus.

Kemudian, pada saat Rakorpimnas PGRI akhir Juni 2014, Jokowi kembali menyatakan di depan peserta rakorpimnas bahwa kelak jika dia terpilih sebagai presiden tidak akan menghapus tunjangan profesi. BACA: Ada Kejutan di Paket Ekonomi Jilid II: Jokowi Jangan jadi PHP

âJadi jika Kemendikbud akan menghapus TPG, berarti Anies Baswedan, telah memberikan andil besar, sehingga Presiden Jokowi membohongi guru,â tegas Sulistiyo di Jakarta, Minggu (27/9/2015).

Adapun dasar hukum pemerintah ingin menghapus TPG karena adanya UU Aparatur Sipil Negara ASN. Dikatakan, ada pemahaman yang salah dari pejabat Kemendikbud. Sebab TPG dan TPD (Tunjangan Profesi Dosen) harus tetap diberikan karena hal itu merupakan amanat UU Nomor 14/2015 tentang Guru dan Dosen (UUGD).

Dalam UUGD tertulis sangat jelas bahwa guru (termasuk dosen) yang telah memeroleh sertifikat pendidikan (mengikuti sertifikasi) akan memperoleh satu kali gaji pokok. Diketahui, sampai saat ini, dari sekitar 1,6 juta guru yang telah memeroleh TPG. Masih sekitar 1,5 juta guru belum memerolehnya.

âSangat jelas bahwa untuk mengatur dan mengelola guru ya dasarnya UUGD bukan ASN. Kecuali guru sebagai PNS, jika ada hal yang belum diatur dalam UUGD. Perlu diingat, tidak semua guru adalah ASN. Guru di sekolah swasta, guru tetap termasuk guru honorer itu tidak termasuk ASN. Mereka punya hak memeroleh TPG tetapi belum diatur penghasilan lainnya menurut ASN,â ujarnya.

Sulistiyo memberi contoh, jika ada orang mencuri kayu milik perhutani, orang tersebut tidak dikenai pasal korupsi walau kayu itu milik pemerintah, tetapi yang digunakan adalah UU Perhutani. Sama halnya juga jika orang membeli bahan bakar subsidi, padahal dia tidak berhak memakainya, orang yang bersangkutan tidak dikenaikan pasal korupsi tetapi UU Migas.

âPGRI tentu percaya dan akan memegang janji teguh Jokowi. Jika guru dibohongi, tentu PGRI tidak tinggal diam, terlebih kalau penghasilan pegawai dan pejabat lain naik, malah guru turun, karena TPG dihapus. Jangan salahkan guru jika mereka berbondong-bondong mendatangi istana menangih janji presiden,â kata Sulistiyo mengancam. BACA : Kemdikbud: Pemerintah Tidak Akan Menghapus Tunjangan Profesi Guru

Diketahui, Kemendikbud merencanakan akan menghapus TPG karena adanya fakta guru yang sudah menerima TPG belum bermutu baik. TPG juga akan dihapus karena d UU ASN PNS hanya akan menerima tunjangan kinerja.""","""Jakarta, HanTer â Rencana pemerintah yang ingin menghapus tunjangan profesi guru (TPG) ditentang organisasi guru."
0,"""Pegawai Honorer K2 Meninggal Dunia Saat Demo di Istana""","""Pegawai Honorer K2 Meninggal Dunia Saat Demo di Istana"""
0,"""Innalillahi..Dua Honorer K2 Meninggal di Depan Istana""","""Innalillahi."
0,"""Penerimaan Mahasiswa UI Lewat Jalur MTQ Talent""","""Penerimaan Mahasiswa UI Lewat Jalur MTQ Talent"""
0,"""Assalamuâalaikum
ada yg punya anak, adik, ponakan, saudara kelas 3 SMA yg hafidz 20 atau 30 juz yg mau masuk UI?
UI Qurâan Center lagi nyari calon mahasiswa yg bisa direkomendasikan ke Rektor masuk jalur khusus MTQ talent.
Kalo ada silakan hubungi Sdri. Haifa di +6285692210459.
Terima kasih""","""Assalamuâalaikum
ada yg punya anak, adik, ponakan, saudara kelas 3 SMA yg hafidz 20 atau 30 juz yg mau masuk UI?
"
0,"""Kataatan dan Loyalitas TNI Hanya kepada presiden, BOCAH GEMBLUNG, TNI itu HARUS TAAT dan SETIA pada NEGARA KESATUAAN REPUBLIK INDONESIA.""","""Kataatan dan Loyalitas TNI Hanya kepada presiden, BOCAH GEMBLUNG, TNI itu HARUS TAAT dan SETIA pada NEGARA KESATUAAN REPUBLIK INDONESIA."""
0,Tulisan Coca-Cola Menghina Nabi Muhammad,Tulisan Coca-Cola Menghina Nabi Muhammad
0,"""Gambar grafis pada logo Coca-Cola menunjukkan bahwa jika dibalik maka akan menunjukkan bahasa arab yaitu âLA MOHAMMAD, LA MECCAâ. Yang berarti NO MUHAMMAD NO MAKKAH.""","""Gambar grafis pada logo Coca-Cola menunjukkan bahwa jika dibalik maka akan menunjukkan bahasa arab yaitu âLA MOHAMMAD, LA MECCAâ."
0,"""Saya tahu PERSIS karena tinggal di Australia #dagingbeku diexpor karena disini gada yg mau. Australia masih melegalkan penggunaan hormon pemacu pertumbuhan ternak yg dilarang di eropa karena diduga memicu kanker #JokowiDagingBeku

Pemerintah yg membunuh rakyatnya dengan kepalsuan.
Saya tidak masalah dengan daging beku impor asal ada
1. Sertifikat Halal
2. Tanggal produksi dan kadaluarsa
3. Label kandungan nutrisi dan kadar air
4. Label instruksi cara penggunaan yg benar
5. Label instruksi cara penyimpanan yg benar""","""Saya tahu PERSIS karena tinggal di Australia #dagingbeku diexpor karena disini gada yg mau."
0,"""Mohon doanya, telah meninggal dunia saudara kami yang membawa dana bantuan, obatâan, tim dokter, dan barangâ dari Indonesia ke Suriah krn terkena bom. Semoga alm syahid, allah terima amal ibadahnya, ampuni dosanya dan istri anak yang ditinggalkan diberi ketabahan dan kesabaran. amin ya rab""","""Mohon doanya, telah meninggal dunia saudara kami yang membawa dana bantuan, obatâan, tim dokter, dan barangâ dari Indonesia ke Suriah krn terkena bom."
0,"""Sandi PKI: Papa Kilo Indonesia Pilot""","""Sandi PKI: Papa Kilo Indonesia Pilot"""
0,"""WARNING!!! Drugs model baru LSD. Atau di kenal dgn nama âkertas Happyâ model dan bentuknya menarik, rasa manis seperti permen.efek halusinasi tinggi. Di jual Rp.10rb. Kalau sudah ketagihan harga Rp.36jt/gram. Share untuk menyelamatkan generasi penerus kita dr drugs. Target anak2 sekolah.""","""WARNING!!! Drugs model baru LSD. Atau di kenal dgn nama âkertas Happyâ model dan bentuknya menarik, rasa manis seperti permen.efek halusinasi tinggi."
0,"""Bahaya tanaman penyebab âLEUKIMIAâ
Anak perexmpuan mertua saya (umur 31 tahun ) baru meninggal semalam disebabkan oleh Leukimia. Almarhum semasa hidupnya meneliti untuk gelar Master in Botanical di kampus USM mengkaji sejenis tumbuhan ini. Rekan satu tim research beliau sudah meninggal setahun yang lalu mengidap penyakit leukimia juga. Almarhum dapat bertahan hingga semalam. Memang hasil penelitiannya telah disahkan oleh pihak kampus USM dan pihak Kementrian Kesehatan bahwa Leukimia itu dapat ditimbulkan dari tumbuhan tersebut. Jadi cerita D Hizzad Bole penyebab kanker darah (Leukimia) ternyata terbukti.

Di China sudah cukup lama diketahui tentang bahaya tanaman ini, tapi hanya diberitakan surat kabar China saja. Sedangkan di tempat kita tanaman ini dirawat & dijadikan tanaman hias di rumah. PERHATIAN DAN WASPADA !!!
Jika ada tanaman ini dirumah, silakan secepatnya musnah dengan membakarnya sebelum tanaman berbunga karena dari bunganya menyebabkan kanker darah (Leukimia). Silahkan share.""","""Bahaya tanaman penyebab âLEUKIMIAâ
"
0,"""51% Saham Taxi Express Sudah Dimiliki oleh Sandiaga Uno""","""51% Saham Taxi Express Sudah Dimiliki oleh Sandiaga Uno"""
0,"""Kepemilikan 51% saham Taxi Express oleh pengusaha dan bakal cagub Sandiaga Uno""","""Kepemilikan 51% saham Taxi Express oleh pengusaha dan bakal cagub Sandiaga Uno"""
0,"""Selamat pagi Kawan. Saya berurai air mata ketika saya harus menyampaikannya kepada teman saya sendiri yang sangat baik kepada saya. Saya termasuk mengagumi sepak terjang, keberanian, dan obsesi yang ia miliki untuk membangun negeri ini. Saya juga seperti teman-temanya yang lain bahwa Jakarta memang membutuhkan sosok seperti dia saat ini. Kasar, tegas, dan pemberani. Karena Jakarta telah menjadi kota metropolis para âpembajak negaraâ.

Ini Surat Andrea Hirata Untuk Ahok Gubernur DKI Jakarta
Tetapi demi negara dan bangsaku yang tercinta ini, aku terpaksa mengatakan kepadanya bahwa aku meminta kamu untuk tidak menjadi Gubernur Ibukota negaraku Indonesia yang juga negaramu. Karena kamu sekarang tidak lagi berdiri sendiri. Di belakangmu sekarang sudah banyak pihak yang berkepentingan yang amat besar dan jangka panjang. Ada grand design di belakangmu yang tidak bisa kau tolak, Kawan. Dan kamu harus tau dan paham bahwa grand design itu amat menakutkan bagi bangsaku saat ini, yang juga bangsamu.

Saya katakan, kau masih ingat ketika kita bicara di Cikini, akulah orang pertama yang menyumbang ke rekening perjuanganmu untuk berpasangan dengan Jokowi memimpin Jakarta. Bahkan aku mengajak teman-teman lainnya untuk ikut menyumbang. Dan kau sukses. Seiring itu, kita masih sering bercanda melalui BBM. Kita bangga kepadamu Kawan.

Kawanku, kini kau tidak sendirian. Ada grand design di belakangmu yang sangat menakutkan bangsaku ini. Jika kau mundur sebagai calon Gubernur Ibukota negaraku yang juga negaramu, maka aku akan sangat bangga kepadamu dan kau tetap menjadi teman terbaikku yang pernah aku kenal sejak kita remaja di pulau tercinta kita, Belitung.

Tetapiâ¦..tetapiâ¦.tetapi, jika kau tetap maju sebagai calon Gubernur Ibukota negaraku yang juga negaramu, maka demi bangsa dan negaraku kau kuanggap sebagai musuhku. Dan aku akan menantang kamu sampai kamu tak berdaya bangkit lagi. Jika diperlukan âperangâ maka saya akan berperang habis-habisan melawan kamu sampai kamu kalah dan tak berdaya. Setelah itu, aku akan memeluk kamu Kawan. Dan aku akan meminta maaf, karena aku harus menyelamatkan bangsa dan negaraku dari cengkraman sebuah grand design yang menakutkan bangsaku.

Itulah aku Kawan, sahabatmu. Kita sama-sama punya mimpi besar terhadap bangsa dan negara ini sebagai anak Laskar Pelangi. Pahamilah bahwa saya cinta kamu, saya bangga melihat kamu sekarang. Semoga kamu mengerti sikap saya ini. Terima kasih.""",""" Selamat pagi Kawan ."
0,"""Media sosial dihebohkan dengan beredarnya foto duit pecahan Rp 200 ribu. Belum jelas dari mana asal-usulnya, namun duit tersebut seolah-olah digambarkan sudah muncul di masyarakat.
Uang tersebut berwarna ungu. Gambarnya seperti layaknya uang asli dengan lukisan dua orang joki yang sedang berkuda. Di pojok atas uang tersebut juga ada gambar kuda dan penunggangnya. Ditambah dengan tulisan âdua ratus ribu rupiahâ.""",""" Media sosial dihebohkan dengan beredar nya foto duit pecahan Rp 200 ribu ."
0,"""Metode pemerkosaan âTaharrushâ mulai diperkenalkan oleh para imigran arab di Eropa

Invasi imigran timur tengah secara besar-besaran ke Eropa membawa sebuah tradisi arab bernama âTaharrush Gameaâ yg cukup mengagetkan bagi bangsa Eropa dan belum pernah mereka kenal sebelumnya.

Taharrush merupakan sebuah tradisi permainan kuno bangsa arab dimana seorang perempuan ditelanjangi dan diperkosa ramai-ramai (ala gangbang). Perempuan yg diperkosa tersebut dikerumuni banyak pria yg membentuk formasi lingkaran, sehingga tidak ada orang yang bisa menolong karena terhalang oleh kerumunan.
Dengan metode formasi Taharrush ini, mustahil ada wanita yg tidak bisa diperkosa, dan mustahil ada wanita yg bisa diselamatkan dari pemerkosaan. Karena metode Taharrush ini sudah dikembangkan ribuan tahun efektifitasnya oleh bangsa arab kuno dan kini metode klasik tersebut mulai dibangkitkan lagi di Eropa oleh para imigran.

Dalam budaya arab kuno, memperkosa wanita bukanlah suatu tindak kriminal tingkat tinggi, bahkan pemerkosaan malah dijadikan sebagai suatu jenis permainan bernama Taharrush ini.

Di era arab modern sekalipun, hukuman bagi pemerkosa sangat sulit diterapkan, karena aturan di arab yg mensyaratkan 4 saksi. Jadi bila pemerkosaan dilakukan di ruangan kosong misalnya, mustahil bisa dituntut karena tidak adanya saksi. Begitupula dalam sebuah pemerkosaan berkelompok mustahil juga para pelakunya mau bersaksi melawan rekannya, yg pada akhirnya akan menyebabkan tuntutan pemerkosaan tetap gagal di jalur hukum.

Aturan bangsa arab yg menguntungkan pemerkosa ini disebabkan karena dalam budaya arab terkandung faham âmisogynyâ yaitu faham yg menganggap perempuan derajatnya lebih rendah daripada pria, dan wanita bisa dianggap seperti budak yg pantas dihukum. Sehingga dalam faham misogyny, seorang pria sangat boleh & sangat berhak memperkosa wanita.

Faham misogyny dalam budaya arab kuno yg dibawa para imigran ini ini tentu sangat mengagetkan bagi bangsa eropa yg menganut faham emansipasi wanita.

Dalam budaya arab kuno, perempuan wajib hukumnya menggunakan busana tertutup. Sehingga perempuan berbusana minim yg banyak berkeliaran di Eropa dianggap sangat boleh & sangat pantas dihukum dengan cara diperkosa. Pemerkosaan secara perseorangan maupun berkelompok (Taharrush) dianggap sebagai âpenghukumanâ bagi wanita-wanita yg tidak mengenakan busana tertutup.

Dalam video ini terdapat cuplikan video Taharrush yg terjadi di eropa dan juga wanita-wanita korban perkosaan ala Taharrush. Juga ada kesaksian dari reporter wanita cantik yg sempat jadi korban Taharrush""",""" Metode pemerkosaan â Taharrushâ mulai diperkenalkan oleh para imigran arab di Eropa"
0,"""Yth. Rekan-rekan semua. Menginformasikan & mengingatkan kepada teman-teman agar tidak lupa bahwa system Big Data Cyber Security (BDCS) Indonesia sdh terpasang, menyusul rencana Wantanas RI (Dewan Pertahanan Nasional) yg akan mengambil semua informasi melalui internet di Indonesia.

Artinya, segala percakapan kita di Cyber Social Media (WA, BBM, Telegram, Line, SMS, dll) akan masuk secara otomatis ke BDCS.

Hindari pengiriman berita yg bersifat sensitif (SARA) dan gambar-gambar pemimpin negara, lambang negara, serta simbol negara untuk bahan kartun, guyonan, ataupun lelucon lainnya.

Polisi internet melaluin teknik internet sistem akan menelusuri sumber pengirim ke grup tsb. Diharapkan kepada rekan-rekan agar dapat saling mengingatkan dan menghindari hal tsb.

Jangan sampai kita berurusan dengan polisi internet ( Cyber Crime Police) hanya karena ingin bercanda dan berlelucon di media sosial.

Semoga kita bisa menggunakan media sosial untuk menyampaikan informasi dalam bentuk tulisan, artikel, ataupun gambar dengan santun dan beretika.

Semoga bermanfaat.""","""Yth. Rekan-rekan semua."
0,"""GUBERNUR PAPUA Lukas Enembe : âKalau non muslim tidak boleh jadi gubernur DKI atau Presiden Indonesia maka biarkan Papua melanesia merdeka.""","""GUBERNUR PAPUA Lukas Enembe : âKalau non muslim tidak boleh jadi gubernur DKI atau Presiden Indonesia maka biarkan Papua melanesia merdeka."""
0,"""Menteri Energi Jepang Membungkuk Selama 20 Menit sebagai Bentuk Permintaan Maaf""","""Menteri Energi Jepang Membungkuk Selama 20 Menit sebagai Bentuk Permintaan Maaf"""
0,"""Raja Salman danai kampanye PM Israel Netanyahu""","""Raja Salman danai kampanye PM Israel Netanyahu"""
0,"""Gula Jawa Mengandung Formalin""","""Gula Jawa Mengandung Formalin"""
0,"""Hati2 dgn gula merah / gula jawa !!i
Dari temen2 ITB 71 â¦.biologi yg akan melanjutkan penelitian ttg gula merah
*Gula Jawa/ Gula Aren/ Gula Merah*
Sepertinya udah cukup buanyak kita denger berita2 ttg penyakit, seperti cancer lachâ¦.
yang ternyata pemicu utamanya adalah makanan kita.
Sy belakangan ini baru tahu kalau GULA AREN alias GULA JAWA yang berwarna coklat kayak batu itu mengandung FORMALIN.
Informasi ini saya dapat dari sseorg yang dapat dipercaya, karena dia usahanya jualan jamu dan membuat minuman juice dalam botol tanpa pengawet sedikitpun !
Menariknya racikan minumannya itu pake gula yg namanya Gula-Jawa, yg mana ternyata
setelah diselidiki mengandung formalinâ¦.
kemudian dia berusaha
mencari yang tidak mengandung formalin.ternyata tidak ada, alias
hampir semua mengandung formalin.
Akhirnya dia langsung ke petaninya, dia pikir bisa dapat yang free formalin ternyata tidak juga, sebab diberi formalin atas instruksi
para tengkulak, dimana kalau tidak dilakukan maka tidak ada yang mau beli.
Jadi formalin itu sudah diteteskan atau dituangkan diatas pohon.
Memang efek dari formalin itu membuat Gula-Jawa jadi lebih awet dan agak keras (tidak lembek) dan untuk proses memasaknya juga lebih cepetâ¦.
Kemudian dia bilang, stop pake formalin.. ntar sy yg beli gulanya saya yang beli gulanya jk para tengkulak itu menolak beliâ¦.
Lucunya lgâ¦para petani itu gk berani makan Gula-Jawa buatan sendirinya loch.. karena
dia tahu itu mengandung racunâ¦.. sementara kitaâ¦
telen terusâ¦racun ituâ¦.bodoh yaâ¦
Nachâ¦ sebenarnya Gula-Jawa ini diaplikasikan kemana saja yaa?
Ohâ¦ternyata banyakâ¦
(dan ini yang saya tahu), misalnya:
1. Kolak, hampir semua kolak pake Gula-Jawaâ¦ jadi yang biasa buka puasa pake kolak, yaa Selametlah meminumâ¦ formalin.
2. Kue-kue yang pake Gula-Jawa yaitu roti gambang.
3. Gado-gado & ketoprak.
4. Rujak.
5. Brown sugar dsb.
Untuk mengetahui mana Gula-Jawa yang pakai pengawet formalin bisa
dipakai tips berikut:
1. Ternyata Gula-Jawa yang sehat itu, dirubung lalat dn semut.. seperti halnya daun yang sehat tanpa DDT adalah daun yang ada ulatnya.
Hik hik hikâ¦ Ternyata binatang2 itu lbh cerdik drpd kita dlm hal mendeteksi racun/formalinâ¦
2. Pilih Gula-Aren/Jawa yang lembek dan mudah meleleh, karena yang pakai formalin itu membuatnya menjadi keras.
3. Gula -Aren/Jawa yang tidak pakai pengawet itu harumâ¦
4. Yg pastiâ¦Yg tidak pakai pengawetâ¦Gula-Jawa itu harus baik kemasannya karena mudah rusak.
Nachâ¦ Selamat mencari Gula-Jawa yang asli tanpa formalinâ¦.
Yach.. ternyata banyak sekali orang memasukkan racun dalam makanan
secara sengaja sekedar mencari keuntungan.. . yang ujung-ujungnya
bisa menimbulkan berbagai macam penyakit terutama KANKERâ¦
Herannyaâ¦
Badan Pemerintah yang berwenang ngurusin masalah makananâ¦ kok gak bisa berkutik yaa?
Mudah-mudahan BERMANFAAT.!!!""",""" Hati2 dgn gula merah / gula jawa ! !i Dari temen2 ITB 71 â¦.biologi yg akan melanjutkan penelitian ttg gula merah * Gula Jawa/ Gula Aren/ Gula Merah *"
0,"""Nusron Wahid Siap Diludahi Jika Peserta Aksi 212 Lebih dari 1000 Orang""","""Nusron Wahid Siap Diludahi Jika Peserta Aksi 212 Lebih dari 1000 Orang"""
0,"""Nusron Wahid: âkalau Peserta Aksi 212 Lebih dari Seribu Orang Ludahi Muka Saya""","""Nusron Wahid: âkalau Peserta Aksi 212 Lebih dari Seribu Orang Ludahi Muka Saya"""
0,"""Portal daring Posmetro memberitakan bahwa Angola melarang Islam.""","""Portal daring Posmetro memberitakan bahwa Angola melarang Islam."""
0,"""Tito Karnavian Dan Ahok Minum Miras Bersama""","""Tito Karnavian Dan Ahok Minum Miras Bersama"""
0,"""MOHON SEBARKAN! 1 KALI ANDA MEMBAGIKAN KIRIMAN INI MAKA AKAN MENOLONG JUTAAN MANUSIA!

STOP!! Jajanan âApolloâ Ini Terbukti Mengandung Babi, Untuk Ummat Muslim Jangan Konsumsi Lagi! Tolong Bantu Sebarkan â¦..""","""MOHON SEBARKAN! 1 KALI ANDA MEMBAGIKAN KIRIMAN INI MAKA AKAN MENOLONG JUTAAN MANUSIA!

"
0,"""ACEH BOIKOT NASDEM.,.SURYA PALOH ATAU SURYA PALEH
PENGHIANAT AGAMA,.,JANGAN LAGI NGAKU PUTRA ACEH,,ANDA PUTRA YAHUDI""","""ACEH BOIKOT NASDEM.,.SURYA PALOH ATAU SURYA PALEH
PENGHIANAT AGAMA,.,JANGAN LAGI NGAKU PUTRA ACEH,,ANDA PUTRA YAHUDI"""
0,"""Salib Bersinar Di Langit Monas Kala Aksi 212""","""Salib Bersinar Di Langit Monas Kala Aksi 212"""
0,"""Penampakan tanda salib di langit Jakarta di dekat monas setelah usai aksi demonstrasi damai 212 berlangsung. Yesus sang raja damai telah hadir. Percayalah Indonesia sedang di lawat oleh Tuhan Yesus.

yang percaya katakan Amin""","""Penampakan tanda salib di langit Jakarta di dekat monas setelah usai aksi demonstrasi damai 212 berlangsung."
0,"""Udah MAKIN JELAS kan ?

Tidak hanya rakyat, â¦..

TNI, Polri, Satpam, PNS, Ormas, Parpol plat merah, Karyawan dan keluarganya, perusahaan, bahkan Rumah Sakit pun DIPAKSA REPOT karena DIWAJIBKAN oleh penguasa untuk ngikut Aksi 412.

Bahkan rakyat yang sedang berolahraga bersama keluarga pun ditunggani untuk menggandakan jumlah peserta Aksi 412 agar terlihat masif.

Ada yang tau maksudnya gak ya ?""","""Udah MAKIN JELAS kan ?

"
0,"""Vaksin Kanker Serviks Menyebabkan Menopause Dini""","""Vaksin Kanker Serviks Menyebabkan Menopause Dini"""
0,"""Suara Klakson âOm Telolet Omâ Yang Berarti Saya Yahudi""","""Suara Klakson âOm Telolet Omâ Yang Berarti Saya Yahudi"""
0,"""Belanja Di Indomaret / Alfamart Dipotong 100 Rupiah Untuk Donasi Kampanye Ahok""","""Belanja Di Indomaret / Alfamart Dipotong 100 Rupiah Untuk Donasi Kampanye Ahok"""
0,"""ini ke mana PERURI yang notabene tempat cetak uang resmi d NKRI kok cetak uang baru malah di kudus.... ini pelanggaran keras terhadap hukum di Indonesia
ini yg cetak sekarang namanya PT Pura Barutama d KUDUS Nama pemiliknya Jacobus Busono Bukan di cetak di China, tetapi di Kudus, percetakannya milik orang China... pemiliknya pengusaha China... SUBHANAULLOH.... tuh pengusahanya""","""ini ke mana PERURI yang notabene tempat cetak uang resmi d NKRI kok cetak uang baru malah di kudus.... ini pelanggaran keras terhadap hukum di Indonesia
ini yg cetak sekarang namanya PT Pura Barutama d KUDUS Nama pemiliknya Jacobus Busono Bukan di cetak di China, tetapi di Kudus, percetakannya milik orang China... pemiliknya pengusaha China..."
0,"""Sebelum Tahun 1960 Tak Pernah Dijumpai Nama Hari Yang Bertuliskan Minggu Selalu Tertulis Hari Ahad""","""Sebelum Tahun 1960 Tak Pernah Dijumpai Nama Hari Yang Bertuliskan Minggu Selalu Tertulis Hari Ahad"""
0,"""Kronologis kata *AHAD* diganti *MINGGU*
(By _akhina fillah_ Ustadz Moh. Toha).
Alkisah; Sebelum thn 1960, tak pernah dijumpai nama hari yg bertuliskan *Minggu* selalu tertulis hari *Ahad*. Begitu juga penanggalan di kalender tempo dulu, masyarakat Indonesia tdk mengenal sebutan *Minggu*.
(dan seterusnya, silakan kunjungi tautan sumber pembahasan pada Forum Anti Fitnah, Hasut dan Hoax yang disertakan dibawah karena teksnya cukup panjang)
Kronologis kata *AHAD* diganti *MINGGU*
(By _akhina fillah_ Ustadz Moh. Toha).
Alkisah; Sebelum thn 1960, tak pernah dijumpai nama hari yg bertuliskan *Minggu* selalu tertulis hari *Ahad*. Begitu juga penanggalan di kalender tempo dulu, masyarakat Indonesia tdk mengenal sebutan *Minggu*.
(dan seterusnya, silakan kunjungi tautan sumber pembahasan pada Forum Anti Fitnah, Hasut dan Hoax yang disertakan dibawah karena teksnya cukup panjang)
""Kronologis kata *AHAD* diganti *MINGGU*
(By _akhina fillah_ Ustadz Moh. Toha).
Alkisah; Sebelum thn 1960, tak pernah dijumpai nama hari yg bertuliskan *Minggu* selalu tertulis hari *Ahad*. Begitu juga penanggalan di kalender tempo dulu, masyarakat Indonesia tdk mengenal sebutan *Minggu*.
(dan seterusnya, silakan kunjungi tautan sumber pembahasan pada Forum Anti Fitnah, Hasut dan Hoax yang disertakan dibawah karena teksnya cukup panjang)""","""Kronologis kata *AHAD* diganti *MINGGU*
(By _akhina fillah_ Ustadz Moh. Toha).
"
0,"""Es Krim Merek AICE Bosnya Orang Cina dan Bahannya Kimia Semua""","""Es Krim Merek AICE Bosnya Orang Cina dan Bahannya Kimia Semua"""
0,"""Siang tadi sy mampir di distributor es krim merk _*Aice*_ yg sedang marak penetrasi bisnisnya yg terletak di selatan tugu lilin makam haji, melihat banyak spanduk bertulisan china iseng2 sy tanya penjaga counter yg didepan pinggir jln, bos nya orang mana mba jakarta atau solo, dijawab : âorang chinaâ, lho kok tau kalau org china apa sdh pernah ketemu? Tris dia nunjuk disebuah mobil avanza putih, itu bosnya di dlm mobil itu, ngomongnya aja pake bhs china , dia asli datang dari china ..katanya. Penasaran sy tunggu si bos keluar dari mobil, betul ternyata chino!!

Trus kita bagaimana nih

Saya menyaksikan dg mata kepala sendiri ?

Temen2 mahasiswa kesehatan ada yg sdh cek, seluruh bahan aice ternyata kimia semua, gk ada bahan asli dari buah segarnya, ikut prihatin, anak2 kecil pd suka, krn enak dan murah.""",""" Siang tadi sy mampir di distributor es krim merk _*Aice*_ yg sedang marak penetrasi bisnisnya yg terletak di selatan tugu lilin makam haji , melihat banyak spanduk bertulisan china iseng2 sy tanya penjaga counter yg didepan pinggir jln , bos nya orang mana mba jakarta atau solo , dijawab : âorang chinaâ , lho kok tau kalau org china apa sdh pernah kete mu ?"
0,"""Uang Terbitan Baru 2016 Memiliki Logo Alu Parit""","""Uang Terbitan Baru 2016 Memiliki Logo Alu Parit"""
0,"""BAHAYA PENYAKIT LEUKIMIA !!!!

Adik ipar saya umur 31 tahun baru meninggal semalam disebabkan oleh Leukimia. Almarhum semasa hidupnya meneliti untuk gelar Master in Botanical di kampus USM mengkaji sejenis tumbuhan ini. Rekan satu tim research beliau sudah meninggal setahun yang lalu mengidap penyakit leukimia juga. Almarhum dapat bertahan hingga semalam. Memang hasil penelitiannya telah disahkan oleh pihak kampus USM dan pihak Kementrian Kesehatan bahwa Leukimia itu dapat ditimbulkan dari tumbuhan tersebut. Jadi cerita D Hizzad Bole penyebab kanker darah (Leukimia) ternyata terbukti.

Di China sudah cukup lama diketahui tentang bahaya tanaman ini, tapi hanya diberitakan surat kabar China saja. Sedangkan di tempat kita tanaman ini dirawat & dijadikan tanaman hias di rumah. PERHATIAN DAN WASPADA !!!
Jika ada tanaman ini dirumah, silakan secepatnya musnah dengan membakarnya sebelum tanaman berbunga karena dari bunganya menyebabkan kanker darah (Leukimia). Silakan share.""","""BAHAYA PENYAKIT LEUKIMIA !!!!

"
0,"""FPI Bubarkan Pengobatan Gratis DPP PDI Perjuangan di Tambora""","""FPI Bubarkan Pengobatan Gratis DPP PDI Perjuangan di Tambora"""
0,"""Minuman White Koffie Mengandung Babi""","""Minuman White Koffie Mengandung Babi"""
0,"""Lihat gambar untuk lebih jelas nya. Intinya ada foto cewek dengan puluhan hp di depanya, diklaim sebagai tukang fitnah yang menggunakan banyak akun.""",""" Lihat gambar untuk lebih jelas nya ."
0,"""1. Jika Kami Menang Gereja di Jakarta Harus Lebih Besar dari Istiqlal
2. Ahok: Saya Ingin Jakarta Punya Gereja Seluas Vatikan Roma Bebas Masuk Untuk Semua Agama""","""1."
0,"""Pencabutan sertifikasi halal untuk McD, KFC, Pizza Hut, & Dominos""","""Pencabutan sertifikasi halal untuk McD, KFC, Pizza Hut, & Dominos"""
0,"""ewan Yudisial Muslim (MJC) dan IQSA telah mencabut sertifikasi dari McDonald, KFC, dominos & pizza hut.

Menurut kajian staf dapur di Florida, amerika, bahan-bahan McDonald telah memperlihatkan bukti positif mengandung bahan dari daging babi yg disebut âLM10â yg digunakan di dalam mayones McDonald.

Para pejabat resmi McDonald Afrika selatan telah memastikan bahwa seluruh bahan baku saus diimpor dari amerika. Para pelanggan Muslim dihimbau untuk tidak mengkonsumsi McDonald.

Dewan Yudisial Muslim (MJC) dan IQSA juga telah menarik sertifikasi di seluruh penjuru negeri. Ini sekarang menjadi tugas anda memberitahukan orang lainâ¦.

Jangan abaikan pesan ini, karena Anda akan berdosa jika tidak ikut menyebarkankannya kepada orang lain. Mereka yg memakannya berarti makan makanan haram. Jadi mohon beritahukanlah kepada yg lainnya.

Pesan WA yg diteruskan""",""" ewan Yudisial Muslim ( MJC ) dan IQSA telah mencabut sertifikasi dari McDonald , KFC , dominos & pizza hut ."
0,"""Mengkonsumsi Sayap dan Ceker Ayam yang Disuntik Hormon Dapat Menyebabkan Kanker""","""Mengkonsumsi Sayap dan Ceker Ayam yang Disuntik Hormon Dapat Menyebabkan Kanker"""
0,"""âSAYAP & CEKER AYAM ? â

Entah Anda sudah menikah atau belum

menikah, maka perempuan harus berhatiÂ².

BaruÂ² ini artis Tionghoa Xia Yi divonis

tumbuh LISTS dalam rahim (kista coklat)

dan Hu Qing Wen melakukan operasi

tumor yg penuh dengan darah, dan

darahnya berwarna hitam gelap. Mereka

berpikir bahwa setelah operasi akan

sembuh, tetapi hanya beberapa bulan

kambuh lagi, sehingga akhirnya mereka

melakukan konsultasi ke ginekolog.

Dokter Ginekolog tsb kemudian bertanya :

âApakah Anda suka makan sayap ayam,

dia sangat terkejut ?

âLoh, koq dokter bisa tahu kesukaanku ?

âHormon pertumbuhan (growth-hormone)

ayam ataupun antibiotiknya, selalu

diinjeksi di bagian sayap, atau leher

ayam. Sementara kaki Ayam tempat

menimbun âend productâ antibiotik dan

turunan âsecond hormonalâ Dokter tsb

meneruskan : Karena itu kegemaran

makan sayap ayam atau kaki, akan serta

merta menambah sekresi hormon bagi

wanita. Akibatnya âsecond hormonalâ tsb

akan terakumulasi menjadi TOXIN yg

ujungÂ²nya menjadi karsinogen, sehingga

wanita pengkonsumsi SAYAP + KAKI

ayam sangat rentan terkena kanker yg

berkenaan dengan kelenjar hormonal

seperti : kanker rahim, cervix dan

payudara. Oleh karena itu, kami

menyarankan Anda jangan âbanyakâ

mengkonsumsi sayap ayam atau kakinya.

Saat ini 80% wanita memiliki fibroid

rahim dan mudah untuk mendapatkan

kista coklat tersebut.

Ketika Anda Melihat pesan ini, Apa yg

akan Anda lakukan ?

Meneruskannya kepada teman dan

keluarga di sekitar (temanÂ² terutama

perempuan). Atau mengabaikan dan

skeptis ?

Ekspektasi saya : Jika di friend-list anda

ada ribuan Teman, cukup 10 orang saja

yg me-re-share ulang, sehingga minimal

juga ada 10 orang yg baca. Snow ball

effect, siapa tau di kelipatan kesekian ada

yg TERTOLONG Karena anda peduliâ¦

indahnya berbagi..

salamâ¦""",""" âSAYAP & CEKER AYAM ? â "
0,"""Sertifikasi Khatib dengan PersyPERHATIAN KEPADA SEMUA!!!

Ini adalah inovasi terbaru peternakan dengan teknologi cloning Blasteran antara Sapi dan Babi dari ladang-ladang peternakan diluar negara terutama negara New Zealand dan Australia untuk di eksport ke Negara-Negara Muslim dan sebagainya..jadi apabila membeli daging import pastikan bukan dari Negara New Zealand dan Australia..video disiarkan tadi untuk pengetahuan kita semua supaya tidak tertipu dengan tipu muslihat Negara pengexpor daging Sapi blasteran Babi yang terbesar untuk merusakkan umat islam dan sebagainyaâ¦
âInfo ini dari sahabat yg perihatin terhadap umat islamâaratan dan Nominal Penghasilan""","""Sertifikasi Khatib dengan PersyPERHATIAN KEPADA SEMUA!!!

"
0,"""Ahok Bohong tentang Pengadaan Unit Busway dari Karoseri Lokal""","""Ahok Bohong tentang Pengadaan Unit Busway dari Karoseri Lokal"""
0,"""AHAYYYY
AHOK BOHONGG LAGI
DIA BILANG PENGAWASAN UNIT BUS WAY DARI KAROSERI LOKAL???
LOKAL PALE LO PEYANG????
SCANIA, VOLVO, MARCEDEZ BEN ZHONG THONG ITU KAROSERI LOKAL????

SUSAH KALAU DASARNYA MEMANG KALAU DASARNYA SUKA NGIBUL, JADI ENTENG2 SAJA BUAT CERITA BOHONG DAN MEMBOHONGI PUBLIK..JADI MEMANG COCOK KALAU DIA DIKASIH GELAR AHOAX ALIAS AHOX IS HOAX""","""AHAYYYY
AHOK BOHONGG LAGI
DIA BILANG PENGAWASAN UNIT BUS WAY DARI KAROSERI LOKAL???
"
0,"""Ustadz Suratman Meninggal Akibat Pengeroyokan Kader GMBI""","""Ustadz Suratman Meninggal Akibat Pengeroyokan Kader GMBI"""
0,"""âKabar Duka saudara muslim kita yg dr Bogor yg d keroyok GMBI di Bandungâ¦ salah satunya adalah Ust Suratman guru d Darunnajah Cipinang.. adalah lulusan Gontor asal Weleri Kendal.. kemarin 17 jan, wafatâ¦ Innalillahi wainnaillaihi rojiun.. mohon doa untuk beliauâ¦.smoga Husnul khotimahâ¦aamiin,â
""","""âKabar Duka saudara muslim kita yg dr Bogor yg d keroyok GMBI di Bandungâ¦ salah satunya adalah Ust Suratman guru d Darunnajah Cipinang.."
0,"""Ustadz Suratman adalah salah satu korban pengeroyokan kader LSM Gerakan Masyarakat Bawah Indonesia (GMBI) binaan Kapolda Jawa Barat Inspektur Jendral Anton Charliyan. Ustadz Suratman dikeroyok saat pulang setelah mengawal pemeriksaan Habib Rizieq di Mapolda Bandung Jawa Barat.

Diketahui, Ustadz Suratman adalah salah satu guru di Darunnajah Cipinang. Dia adalah lulusan Pondok Pesantren Modern, Gontor. Dia berasal Weleri Kendal.""","""Ustadz Suratman adalah salah satu korban pengeroyokan kader LSM Gerakan Masyarakat Bawah Indonesia (GMBI) binaan Kapolda Jawa Barat Inspektur Jendral Anton Charliyan."
0,"""Ahok Bohong tentang Pengadaan Unit Busway dari Karoseri Lokal""","""Ahok Bohong tentang Pengadaan Unit Busway dari Karoseri Lokal"""
0,"""Teman Ahok : Kami Siap Bunuh Diri Jika Pak Ahox Kalah Dalam Pilkada 2017""","""Teman Ahok : Kami Siap Bunuh Diri Jika Pak Ahox Kalah Dalam Pilkada 2017"""
0,"Mohon kita waspada bahaya PKI Sudah sampai ke daerah kita..
Informasi dari istri Saya
Kejadian siang ini di kampung gudang RT 01/02 kel. Karang satria kec. Tambun utara..
Korban ustadz Ridwan Syakir..
Beliau sedang sakit kedatangan 2 tamu yg tak di kenal,, namun bbrp lama kemudian beliau di boyong paksa oleh 2 orang td,, tapi istrinya langsung triak gak lama kemudian tetangga langsung menghajar mereka,,sekarang pelaku di amankan di BKPM karang satria..
Dua orang tadi bawa tas dan di dalam tasnya ada crulit dan golok dan nama2 ustadz yg akan menjadi sasaran mereka
InsyaAllah kita semua dlm perlidungan Allah SWTâ¦..","Mohon kita waspada bahaya PKI Sudah sampai ke daerah kita..
"
0,"""Ibu Iriana Dapat Kalung dari Raja Salman dan Diserahkan ke KPK""","""Ibu Iriana Dapat Kalung dari Raja Salman dan Diserahkan ke KPK"""
0,"""Dana Santunan Korban Crane Sudah Cair Tapi Belum Disalurkan""","""Dana Santunan Korban Crane Sudah Cair Tapi Belum Disalurkan"""
0,"""Sangat luar biasa zholimâ¦.!
Masih ingat musibah Crane di Masjidil Haram..?
Kerajaan Saudi bertanggung jawab dan akan menyantuni para korban, tnyata sudah cair sejak lama tapi belum di salurkan kepada korban oleh KEMLU , dengan alasan masih verifikasiâ¦!
brp lama verifikasinya pak ..?
Sampai kapan itu diverifikasi?
Sementara Kafir Harbi , Syiah dan kelompok munafik terus menerus membuat fitnah kepada Arab Saudi.
Bantu Shareâ¦!""","""Sangat luar biasa zholimâ¦.!
"
0,"""Penculikan Anak dengan Modus Pura-pura Gila di Pemalang""","""Penculikan Anak dengan Modus Pura-pura Gila di Pemalang"""
0,"""Kepada masyarakat indonesia yang mempunyai anak kecil ataupun adek kecil mohon saat ini jangan dibolehkan keluar dari rumah. soalnya penculikan anak kini terjadi lagi khusus nya di wilayah JAWA TENGAH (pematang_pekalongan_batang) polisi masih mencari para komplotan penculik dari 20 orang ketangkap 1 orang di desa rembun kabupaten pekalongan. Maka dari itu yang kini jumlahnya 19 orang masih beraksi dan polisi mengharapkan anda untuk berpartisipasi dan bekerja sama demi keamanan dan demi kesejahteraan masyarakat.

info dari bapak umar hakim""","""Kepada masyarakat indonesia yang mempunyai anak kecil ataupun adek kecil mohon saat ini jangan dibolehkan keluar dari rumah."
0,"""PGI siap berkati jasad muslim pendukung ahok yang tidak diurus oleh muslim""","""PGI siap berkati jasad muslim pendukung ahok yang tidak diurus oleh muslim"""
0,"""Foto Jokowi dan Megawati Potong Tumpeng Di Atas Meja Berlambang PKI""","""Foto Jokowi dan Megawati Potong Tumpeng Di Atas Meja Berlambang PKI"""
0,"""Beredar foto Presiden Joko Widodo dan Mantan Presiden Ke-5 Megawati Soekarnoputri tengah memotong tumpeng di atas meja berlogo PKI.""","""Beredar foto Presiden Joko Widodo dan Mantan Presiden Ke-5 Megawati Soekarnoputri tengah memotong tumpeng di atas meja berlogo PKI."""
0,"""PARACETAMOL MENGANDUNG VIRUS MACHUPO""","""PARACETAMOL MENGANDUNG VIRUS MACHUPO"""
0,"""PERINGATAN URGENT! Hati-hati untuk tidak menggunakan parasetamol yang datang ditulis P / 500. Ini adalah parasetamol baru, sangat putih dan mengkilap, mengandung âMachupoâ virus, dianggap salah satu virus yang paling berbahaya di dunia. Dan dengan tingkat kematian yang tinggi. Silakan berbagi pesan ini, untuk semua orang dan keluarga. Dan menyelamatkan hidup dari mereka â¦.. saya sudah melakukan bagian saya, sekarang giliran Anda""","""PERINGATAN URGENT!"
0,"âPUTRI RAJA SALMAN YANG CANTIK
Entah nanti kalau putri Raja Arab ini ikut ke Indonesia mengenakan Hijab atau tidak? Kalau nekat tidak mengenakan Hijab apa Habib Rizieq mau menjemputnya?
Cuma nanya doang.
Salam Dung Dung Pret!â","âPUTRI RAJA SALMAN YANG CANTIK
Entah nanti kalau putri Raja Arab ini ikut ke Indonesia mengenakan Hijab atau tidak?"
0,"""Sebarkan ini lah yg mengheck dan mengganti data di kpud 2017, yg telah mendzolimi pemimpin bapak anies dan bapak uno, harusnya paslon pilihan Allah nomer 3, bapak anies dan bapak Uno, sudah mencapai suara 70% lebih, dan satu putaran kemenangan, tp gara2 hecker laknatullah ini telah mengganti tabulasi data, dalam seragam mereka tertulis AOCT (Ahokers Organitasion Cyber Team). kita muslim hecker lulusan 212 berhasil mengatasinya.""","""Sebarkan ini lah yg mengheck dan mengganti data di kpud 2017, yg telah mendzolimi pemimpin bapak anies dan bapak uno, harusnya paslon pilihan Allah nomer 3, bapak anies dan bapak Uno, sudah mencapai suara 70% lebih, dan satu putaran kemenangan, tp gara2 hecker laknatullah ini telah mengganti tabulasi data, dalam seragam mereka tertulis AOCT (Ahokers Organitasion Cyber Team)."
0,"""Pegawai dilingkungan istana sekarang sudah mulai resah, karena sholat di masjid Baiturahim istana selain jumâatan sudah tidak boleh ada yg sholat disitu, tidak boleh ada suara adzan lagi kalau masuk waktu sholat, ini benar2 sdh kelewatan komunis biadab.!""","""Pegawai dilingkungan istana sekarang sudah mulai resah, karena sholat di masjid Baiturahim istana selain jumâatan sudah tidak boleh ada yg sholat disitu, tidak boleh ada suara adzan lagi kalau masuk waktu sholat, ini benar2 sdh kelewatan komunis biadab.!"""
0,"""Website KPU dijebol oleh hacker China, Sehingga Suara Ahok Jadi Naik""","""Website KPU dijebol oleh hacker China, Sehingga Suara Ahok Jadi Naik"""
0,"""Situs KPU diretas Hacker""","""Situs KPU diretas Hacker"""
0,"""Heboh, belum genap setahun, uang NKRI Edisi 2016 ini berhasil Dipalsukan! Begini ciri-cirinya""","""Heboh, belum genap setahun, uang NKRI Edisi 2016 ini berhasil Dipalsukan!"
0,"""Mahasiswi UNJ Meninggal Karena Kehabisan Oksigen Terkena Gas Air Mata""","""Mahasiswi UNJ Meninggal Karena Kehabisan Oksigen Terkena Gas Air Mata"""
0,"""Demonstrasi Mahasiswa Tidak Diliput Televisi Karena Sudah Dikuasai PKI""","""Demonstrasi Mahasiswa Tidak Diliput Televisi Karena Sudah Dikuasai PKI"""
0,"""Kelompok Mahasiswa Cipayung Plus Terima Uang dari BIN untuk Tidak Mengkritisi dan Dukung Jokowi â Maâruf Amin""","""Kelompok Mahasiswa Cipayung Plus Terima Uang dari BIN untuk Tidak Mengkritisi dan Dukung Jokowi â Maâruf Amin"""
0,"""Assalammualaikum mas .. mohon maaf mengganggu. Saya mau minta bantuan Mas Joko. Kemarin saya ada ngetwit tentang suap dari kepala BIN kepada beberapa ormas mahasiswa (PB HMI, PMII, GMNI, GMKi, PMKRi, IMM, Hikmabudhi, KMHDI) yang masing2 ormas mendapat Rp200 juta per bulan, ketua PB masing2 Rp20 juta per bulan. Ormas Mahasiswa ini dÃ¬minta untuk atas nama organisasi agar tidak mengkritisi dan oposan terhadap pemerintahan Jokowi, minimal sampai Okt 2019. Di samping itu, mereka tanpa harus membawa nama organisasi, diminta untuk mendeklarasikan ormas relawan Jokowi bernama MADANI. Ormas Relawan ini sdh dibentuk para ketum PB dan sementara berkantor di Tebet, dekat kantor BM PAN. Harga sewa kantor Rp280 juta langsung dibayar cash oleh oknum BIN dan biaya ops tahap awal utk Madani Rp 1 miliar sdh diserahkan. KA BIN juga akan menanggung biaya deklarasi Relawan Madani (Mahasisa Pemuda untuk Jokowi) secara nasional di Surabaya pada Des 2018 sebesar Rp5 miliar daj disusul deklarasi Madani di seluruh propinsi dengan biaya dari BIN Rp500 juta per propinsi,â tulis akun Facebook @djoko.abdurrahman, Sabtu (17/11).""","""Assalammualaikum mas .. mohon maaf mengganggu."
